User_ID,Name,Gender,Age,Bank_Account_Number,Branch_City,Account_Type,Account_Balance,Account_Opening_Date,Transaction_ID,Transaction_Date,Transaction_Type,Transaction_Amount,Transaction_Channel
U0001,Rahul Mehta,Male,33,9463728101,Mumbai,Savings,12567.45,2016/04/12,T000001,2017-08-20,Deposit,4500.50,Online
U0002,Anjali Sharma,,28,1029384756,Delhi,Current,34500.75,2018-09-05,T000002,2019-02-14,Withdrawal,2000.00,ATM
U0003,Siddharth Rao,Male,Forty,5647382910,Bangaluru,Savings,7800.30,22-12-2015,T000003,2016-06-10,Deposit,500.00,Branch
U0004,,Female,25,1982736450,Hyderabad,Current,9500.00,12-01-2020,T000004,05/12/2020,Online Payment,1200.00,Online
U0005,Ramesh Iyer,Male,37,8374659201,Ahmedabad,Saving,-40250.60,2017-03-18,T000005,22-07-2018,Transfer,7000.00,Branch
U0006,Kavita Nair,Female,29,9182736450,Chenai,Current,21500.80,11/11/2019,T000006,14-05-2020,Deposit,3500.00,ATM
U0007,Manish Gupta,Male,42,5647382912,Kolkata,Savings,8900.20,2014-08-19,T000007,25/01/2015,Withdrawal,600.00,Online
U0008,Neha Singh,Female,31,1029384757,Pune,Current,45000.50,2016-05-21,T000008,12-09-2017,Deposit,2500.00,Branch
U0009,Vikram Joshi,Male,38,8374659202,Jaipurr,Savings,13200.00,10/02/2017,T000009,18/03/2018,Online Payment,1700.00,Online
U0010,Sanya Kapoor,Female,27,9182736451,Lucknow,Current,5200.75,07-07-2019,T000010,20/01/2020,Transfer,3000.00,ATM
U0011,Arjun Desai,Male,36,5647382913,Surat,Savings,27000.90,2015-09-25,T000011,30-05-2016,Deposit,1500.00,Branch
U0012,Meera Patel,Female,34,1029384758,Nagpur,Current,,12/12/2018,T000012,15-08-2019,Withdrawal,1200.00,Online
U0013,Sachin Reddy,Male,39,8374659203,Indore,Savings,9600.00,03-03-2016,T000013,22-11-2017,Deposit,2300.00,ATM
U0014,Rekha Sharma,Female,30,9182736452,Bhopal,Current,14250.35,18-04-2019,T000014,05/09/2020,Transfer,5000.00,Online
U0015,Rajesh Kumar,Male,41,5647382914,Patna,Savings,13250.50,2015/10/10,T000015,15-07-2016,Deposit,800.00,Branch
U0016,Sonal Mehta,Female,26,1029384759,Vadodara,Current,9800.75,20-02-2020,T000016,18/12/2020,Online Payment,1200.00,Online
U0017,Deepak Jain,Male,35,8374659204,Coimbatore,Savings,21500.00,14/06/2017,T000017,10-02-2018,Withdrawal,2500.00,ATM
U0018,Anita Nair,Female,28,9182736453,Kochi,Current,7500.20,08/08/2019,T000018,15-03-2020,Deposit,400.00,Branch
U0019,Pradeep Sharma,Male,37,5647382915,Mumbai,Savings,8900.80,19-11-2016,T000019,20/05/2017,Transfer,3200.00,Online
U0020,Kiran Gupta,Female,33,1029384760,Delhi,Current,24000.50,23/01/2018,T000020,10-12-2018,Online Payment,1500.00,Online
U0021,Rajiv Menon,Male,29,8374659205,Bengaluru,Saving,15200.00,12-09-2017,T000021,18/04/2018,Deposit,2000.00,Branch
U0022,Shruti Kapoor,Female,27,9182736454,Hyderabad,Current,11000.75,10/06/2019,T000022,05-01-2020,Withdrawal,900.00,ATM
U0023,Anand Iyer,Male,38,5647382916,Ahmadabad,Savings,8600.00,03-12-2016,T000023,22/08/2017,Deposit,1200.00,Online
U0024,Priya Singh,Female,32,1029384761,Chennai,Current,19500.20,25/03/2018,T000024,14-02-2019,Transfer,4500.00,Branch
U0025,Rohit Desai,Male,36,8374659206,Kolkata,Saving,13250.50,19/07/2017,T000025,30-01-2018,Deposit,600.00,Online
U0026,Divya Sharma,Female,30,9182736455,Pune,Current,25000.40,11-11-2019,T000026,18/06/2020,Withdrawal,1800.00,ATM
U0027,Harish Kumar,Male,40,5647382917,Jaipur,Savings,14200.00,10/05/2015,T000027,15-02-2016,Deposit,3000.00,Branch
U0028,Neha Joshi,Female,28,1029384762,Lucknow,Current,9500.75,21/04/2020,T000028,12-12-2020,Online Payment,1200.00,Online
U0029,Ajay Reddy,Male,35,8374659207,Surat,Savings,18250.20,15/08/2016,T000029,10-05-2017,Transfer,4000.00,Online
U0030,Megha Nair,Female,26,9182736456,Nagpur,Current,11500.50,10-01-2019,T000030,05/09/2019,Deposit,1500.00,Branch
U0031,,Male,33,5647382918,Indore,Savings,14200.00,15/03/2017,T000031,10-07-2018,Deposit,900.00,Online
U0032,Rahul Sharma,Female,Thirty,1029384763,Bhopal,Current,21000.75,22/05/2018,T000032,12-01-2019,Withdrawal,2000.00,ATM
U0033,Siddharth Iyer,Male,39,8374659208,Patna,Savings,-9500.00,18/09/2016,T000033,22-02-2017,Deposit,1500.00,Branch
U0034,Anita Kapoor,Female,28,9182736457,Vadodara,Current,17500.20,25/04/2019,T000034,12-03-2020,Transfer,3000.00,Online
U0035,Rajesh Menon,Male,41,5647382919,Coimbatore,Savings,22000.50,10/12/2015,T000035,20-08-2016,Deposit,1000.00,Branch
U0036,Sonal Sharma,Female,26,1029384764,Kochi,Current,9500.75,15-02-2020,T000036,10/12/2020,Online Payment,1200.00,Online
U0037,Deepak Reddy,Male,35,8374659209,Mumbai,Savings,18250.20,05/06/2017,T000037,18-01-2018,Withdrawal,2500.00,ATM
U0038,Neha Gupta,Female,28,9182736458,Delhi,Current,12500.50,12-09-2019,T000038,20/04/2020,Deposit,1500.00,Branch
U0039,Pradeep Joshi,Male,37,5647382920,Bengaluru,Savings,8900.80,19/11/2016,T000039,20-05-2017,Transfer,3200.00,Online
U0040,Kiran Sharma,Female,33,1029384765,Hyderabad,Current,24000.50,23/01/2018,T000040,10-12-2018,Online Payment,1500.00,Online
U0041,Rajiv Iyer,Male,29,8374659210,Ahmedabad,Savings,15200.00,12-09-2017,T000041,18/04/2018,Deposit,2000.00,Branch
U0042,Shruti Menon,Female,27,9182736459,Chennai,Current,11000.75,10/06/2019,T000042,05-01-2020,Withdrawal,900.00,ATM
U0043,Anand Sharma,Male,38,5647382921,Kolkata,Savings,8600.00,03-12-2016,T000043,22/08/2017,Deposit,1200.00,Online
U0044,Priya Nair,Female,32,1029384766,Pune,Current,19500.20,25/03/2018,T000044,14-02-2019,Transfer,4500.00,Branch
U0045,Rohit Gupta,Male,36,8374659211,Jaipur,Savings,13250.50,19/07/2017,T000045,30-01-2018,Deposit,600.00,Online
U0046,Divya Joshi,Female,30,9182736460,Lucknow,Current,25000.40,11-11-2019,T000046,18/06/2020,Withdrawal,1800.00,ATM
U0047,Harish Sharma,Male,40,5647382922,Surat,Savings,14200.00,10/05/2015,T000047,15-02-2016,Deposit,3000.00,Branch
U0048,Neha Desai,Female,28,1029384767,Nagpur,Current,9500.75,21/04/2020,T000048,12-12-2020,Online Payment,1200.00,Online
U0049,Ajay Menon,Male,35,8374659212,Indore,Savings,18250.20,15/08/2016,T000049,10-05-2017,Transfer,4000.00,Online
U0050,Megha Sharma,Female,26,9182736461,Bhopal,Current,11500.50,10-01-2019,T000050,05/09/2019,Deposit,1500.00,Branch
U0051,Rahul Kapoor,Male,34,5647382923,Mumbai,Saving,14000.50,15-02-2017,T000051,20/06/2018,Deposit,2500.00,Branch
U0052,Anjali Menon,Female,,1029384768,Delhi,Current,21000.75,12/07/2019,T000052,15-03-2020,Withdrawal,1800.00,ATM
U0053,Siddharth Sharma,Male,Thirty,8374659213,Bengaluru,Savings,9000.00,18-09-2016,T000053,10/04/2017,Deposit,1200.00,Online
U0054,Pooja Iyer,Female,27,9182736462,Hyderabad,Current,11500.20,05/12/2018,T000054,12-08-2019,Transfer,3000.00,Branch
U0055,Ramesh Joshi,Male,38,5647382924,Ahmedabad,Savings,-13250.50,22-06-2017,T000055,18/02/2018,Deposit,800.00,Online
U0056,Kavita Sharma,Female,29,1029384769,Chennai,Current,19500.40,25/03/2019,T000056,15-01-2020,Withdrawal,1500.00,ATM
U0057,Manish Iyer,Male,41,8374659214,Kolkata,Savings,16000.00,10/11/2015,T000057,18-06-2016,Deposit,2000.00,Branch
U0058,Neha Menon,Female,30,9182736463,Pune,Current,22000.75,14-02-2020,T000058,05/12/2020,Online Payment,2500.00,Online
U0059,Vikram Sharma,Male,36,5647382925,Jaipur,Savings,8900.80,12/07/2016,T000059,18-03-2017,Transfer,3200.00,Online
U0060,Sanya Iyer,Female,27,1029384770,Lucknow,Current,24000.50,23/01/2018,T000060,10-12-2018,Online Payment,1500.00,Online
U0061,Arjun Menon,Male,36,8374659215,Surat,Savings,27000.90,25/09/2015,T000061,30-05-2016,Deposit,1500.00,Branch
U0062,Meera Sharma,Female,34,1029384771,Nagpur,Current,,12/12/2018,T000062,15-08-2019,Withdrawal,1200.00,Online
U0063,Sachin Joshi,Male,39,8374659216,Indore,Savings,9600.00,03-03-2016,T000063,22-11-2017,Deposit,2300.00,ATM
U0064,Rekha Menon,Female,Thirty,9182736464,Bhopal,Current,14250.35,18-04-2019,T000064,05/09/2020,Transfer,5000.00,Online
U0065,Rajesh Sharma,Male,41,5647382926,Patna,Savings,13250.50,2015/10/10,T000065,15-07-2016,Deposit,800.00,Branch
U0066,Sonal Iyer,Female,26,1029384772,Vadodara,Current,9800.75,20-02-2020,T000066,18/12/2020,Online Payment,1200.00,Online
U0067,Deepak Menon,Male,35,8374659217,Coimbatore,Savings,21500.00,14/06/2017,T000067,10-02-2018,Withdrawal,2500.00,ATM
U0068,Anita Sharma,Female,28,9182736465,Kochi,Current,7500.20,08/08/2019,T000068,15-03-2020,Deposit,400.00,Branch
U0069,Pradeep Iyer,Male,37,5647382927,Mumbai,Savings,8900.80,19-11-2016,T000069,20/05-2017,Transfer,3200.00,Online
U0070,Kiran Menon,Female,33,1029384773,Delhi,Current,24000.50,23/01-2018,T000070,10-12-2018,Online Payment,1500.00,Online
U0071,Rajiv Sharma,Male,29,8374659218,Bengaluru,Savings,15200.00,12-09-2017,T000071,18/04-2018,Deposit,2000.00,Branch
U0072,Shruti Iyer,Female,27,9182736466,Hyderabad,Current,11000.75,10/06/2019,T000072,05-01-2020,Withdrawal,900.00,ATM
U0073,Anand Menon,Male,38,5647382928,Ahmedabad,Savings,8600.00,03-12-2016,T000073,22-08-2017,Deposit,1200.00,Online
U0074,Priya Sharma,Female,32,1029384774,Chennai,Current,19500.20,25/03/2018,T000074,14-02-2019,Transfer,4500.00,Branch
U0075,Rohit Iyer,Male,36,8374659219,Kolkata,Savings,13250.50,19/07/2017,T000075,30-01-2018,Deposit,600.00,Online
U0076,Divya Menon,Female,30,9182736467,Pune,Current,25000.40,11-11-2019,T000076,18/06-2020,Withdrawal,1800.00,ATM
U0077,Harish Sharma,Male,40,5647382929,Jaipur,Savings,14200.00,10/05/2015,T000077,15-02-2016,Deposit,3000.00,Branch
U0078,Neha Joshi,Female,28,1029384775,Lucknow,Current,9500.75,21/04/2020,T000078,12-12-2020,Online Payment,1200.00,Online
U0079,Ajay Menon,Male,35,8374659220,Surat,Savings,18250.20,15/08/2016,T000079,10-05-2017,Transfer,4000.00,Online
U0080,Megha Sharma,Female,26,9182736468,Nagpur,Current,11500.50,10-01-2019,T000080,05/09-2019,Deposit,1500.00,Branch
U0081,Rahul Menon,Male,34,5647382930,Indore,Savings,14200.00,15/03/2017,T000081,10-07-2018,Deposit,900.00,Online
U0082,Anjali Sharma,Female,Thirty,1029384776,Bhopal,Current,21000.75,22/05-2018,T000082,12-01-2019,Withdrawal,2000.00,ATM
U0083,Siddharth Iyer,Male,39,8374659221,Patna,Savings,-9500.00,18/09/2016,T000083,22-02-2017,Deposit,1500.00,Branch
U0084,Pooja Menon,Female,28,9182736469,Vadodara,Current,17500.20,25/04-2019,T000084,12-03-2020,Transfer,3000.00,Online
U0085,Ramesh Sharma,Male,41,5647382931,Coimbatore,Savings,22000.50,10/12/2015,T000085,20-08-2016,Deposit,1000.00,Branch
U0086,Kavita Iyer,Female,26,1029384777,Kochi,Current,9500.75,15-02/2020,T000086,10-12-2020,Online Payment,1200.00,Online
U0087,Manish Menon,Male,35,8374659222,Mumbai,Savings,18250.20,05/06/2017,T000087,18-01-2018,Withdrawal,2500.00,ATM
U0088,Neha Sharma,Female,28,9182736470,Delhi,Current,12500.50,12-09/2019,T000088,20/04-2020,Deposit,1500.00,Branch
U0089,Vikram Iyer,Male,37,5647382932,Bengaluru,Savings,8900.80,19/11/2016,T000089,20-05-2017,Transfer,3200.00,Online
U0090,Sanya Menon,Female,33,1029384778,Hyderabad,Current,24000.50,23/01/2018,T000090,10-12-2018,Online Payment,1500.00,Online
U0091,Arjun Sharma,Male,29,8374659223,Ahmedabad,Savings,15200.00,12-09/2017,T000091,18-04-2018,Deposit,2000.00,Branch
U0092,Meera Iyer,Female,27,9182736471,Chennai,Current,11000.75,10/06/2019,T000092,05-01-2020,Withdrawal,900.00,ATM
U0093,Sachin Menon,Male,38,5647382933,Kolkata,Savings,8600.00,03-12-2016,T000093,22-08-2017,Deposit,1200.00,Online
U0094,Rekha Sharma,Female,32,1029384779,Pune,Current,19500.20,25/03/2018,T000094,14-02-2019,Transfer,4500.00,Branch
U0095,Rajesh Iyer,Male,36,8374659224,Jaipur,Savings,13250.50,19/07/2017,T000095,30-01-2018,Deposit,600.00,Online
U0096,Sonal Menon,Female,30,9182736472,Lucknow,Current,25000.40,11-11-2019,T000096,18-06-2020,Withdrawal,1800.00,ATM
U0097,Deepak Sharma,Male,40,5647382934,Surat,Savings,14200.00,10/05/2015,T000097,15-02-2016,Deposit,3000.00,Branch
U0098,Anita Iyer,Female,28,1029384780,Nagpur,Current,9500.75,21/04/2020,T000098,12-12-2020,Online Payment,1200.00,Online
U0099,Pradeep Menon,Male,35,8374659225,Indore,Savings,18250.20,15/08/2016,T000099,10-05-2017,Transfer,4000.00,Online
U0100,Megha Sharma,Female,26,9182736473,Bhopal,Current,11500.50,10-01-2019,T000100,05/09-2019,Deposit,1500.00,Branch
U0101,Rahul Menon,Male,34,5647382935,Mumbai,Saving,14000.50,15/02/2017,T000101,20/06-2018,Deposit,2500.00,Branch
U0102,Anjali Sharma,Female,,1029384781,Delhi,Current,21000.75,12/07/2019,T000102,15-03-2020,Withdrawal,1800.00,ATM
U0103,Siddharth Iyer,Male,Thirty,8374659226,Bengaluru,Savings,9000.00,18-09-2016,T000103,10/04-2017,Deposit,1200.00,Online
U0104,Pooja Menon,Female,27,9182736474,Hyderabad,Current,11500.20,05/12-2018,T000104,12-08-2019,Transfer,3000.00,Branch
U0105,Ramesh Sharma,Male,38,5647382936,Ahmedabad,Savings,-13250.50,22/06-2017,T000105,18-02-2018,Deposit,800.00,Online
U0106,Kavita Iyer,Female,29,1029384782,Chennai,Current,19500.40,25/03/2019,T000106,15/01-2020,Withdrawal,1500.00,ATM
U0107,Manish Menon,Male,41,8374659227,Kolkata,Savings,16000.00,10/11-2015,T000107,18-06-2016,Deposit,2000.00,Branch
U0108,Neha Sharma,Female,30,9182736475,Pune,Current,22000.75,14/02/2020,T000108,05-12-2020,Online Payment,2500.00,Online
U0109,Vikram Iyer,Male,36,5647382937,Jaipur,Savings,8900.80,12/07-2016,T000109,18-03-2017,Transfer,3200.00,Online
U0110,Sanya Menon,Female,27,1029384783,Lucknow,Current,24000.50,23/01-2018,T000110,10-12-2018,Online Payment,1500.00,Online
U0111,Arjun Sharma,Male,29,8374659228,Ahmedabad,Savings,15200.00,12/09-2017,T000111,18-04-2018,Deposit,2000.00,Branch
U0112,Meera Iyer,Female,27,9182736476,Chennai,Current,11000.75,10/06/2019,T000112,05-01-2020,Withdrawal,900.00,ATM
U0113,Sachin Menon,Male,38,5647382938,Kolkata,Savings,8600.00,03/12-2016,T000113,22-08-2017,Deposit,1200.00,Online
U0114,Rekha Sharma,Female,32,1029384784,Pune,Current,19500.20,25/03/2018,T000114,14-02-2019,Transfer,4500.00,Branch
U0115,Rajesh Iyer,Male,36,8374659229,Jaipur,Savings,13250.50,19/07-2017,T000115,30-01-2018,Deposit,600.00,Online
U0116,Sonal Menon,Female,30,9182736477,Lucknow,Current,25000.40,11-11-2019,T000116,18-06-2020,Withdrawal,1800.00,ATM
U0117,Deepak Sharma,Male,40,5647382939,Surat,Savings,14200.00,10/05/2015,T000117,15-02-2016,Deposit,3000.00,Branch
U0118,Anita Iyer,Female,28,1029384785,Nagpur,Current,9500.75,21/04-2020,T000118,12-12-2020,Online Payment,1200.00,Online
U0119,Pradeep Menon,Male,35,8374659230,Indore,Savings,18250.20,15/08/2016,T000119,10-05-2017,Transfer,4000.00,Online
U0120,Megha Sharma,Female,26,9182736478,Bhopal,Current,11500.50,10-01-2019,T000120,05/09-2019,Deposit,1500.00,Branch
U0121,Rahul Menon,Male,34,5647382940,Mumbai,Saving,14000.50,15/02-2017,T000121,20/06-2018,Deposit,2500.00,Branch
U0122,Anjali Sharma,Female,,1029384786,Delhi,Current,21000.75,12/07-2019,T000122,15-03-2020,Withdrawal,1800.00,ATM
U0123,Siddharth Iyer,Male,Thirty,8374659231,Bengaluru,Savings,9000.00,18-09-2016,T000123,10/04-2017,Deposit,1200.00,Online
U0124,Pooja Menon,Female,27,9182736479,Hyderabad,Current,11500.20,05/12-2018,T000124,12-08-2019,Transfer,3000.00,Branch
U0125,Ramesh Sharma,Male,38,5647382941,Ahmedabad,Savings,-13250.50,22/06-2017,T000125,18-02-2018,Deposit,800.00,Online
U0126,Kavita Iyer,Female,29,1029384787,Chennai,Current,19500.40,25/03-2019,T000126,15/01-2020,Withdrawal,1500.00,ATM
U0127,Manish Menon,Male,41,8374659232,Kolkata,Savings,16000.00,10/11-2015,T000127,18-06-2016,Deposit,2000.00,Branch
U0128,Neha Sharma,Female,30,9182736480,Pune,Current,22000.75,14/02-2020,T000128,05-12-2020,Online Payment,2500.00,Online
U0129,Vikram Iyer,Male,36,5647382942,Jaipur,Savings,8900.80,12/07-2016,T000129,18-03-2017,Transfer,3200.00,Online
U0130,Sanya Menon,Female,27,1029384788,Lucknow,Current,24000.50,23/01-2018,T000130,10-12-2018,Online Payment,1500.00,Online
U0131,Arjun Sharma,Male,29,8374659233,Ahmedabad,Savings,15200.00,12/09-2017,T000131,18-04-2018,Deposit,2000.00,Branch
U0132,Meera Iyer,Female,27,9182736481,Chennai,Current,11000.75,10/06/2019,T000132,05-01-2020,Withdrawal,900.00,ATM
U0133,Sachin Menon,Male,38,5647382943,Kolkata,Savings,8600.00,03/12-2016,T000133,22-08-2017,Deposit,1200.00,Online
U0134,Rekha Sharma,Female,32,1029384789,Pune,Current,19500.20,25/03/2018,T000134,14-02-2019,Transfer,4500.00,Branch
U0135,Rajesh Iyer,Male,36,8374659234,Jaipur,Savings,13250.50,19/07-2017,T000135,30-01-2018,Deposit,600.00,Online
U0136,Sonal Menon,Female,30,9182736482,Lucknow,Current,25000.40,11-11-2019,T000136,18-06-2020,Withdrawal,1800.00,ATM
U0137,Deepak Sharma,Male,40,5647382944,Surat,Savings,14200.00,10/05/2015,T000137,15-02-2016,Deposit,3000.00,Branch
U0138,Anita Iyer,Female,28,1029384790,Nagpur,Current,9500.75,21/04-2020,T000138,12-12-2020,Online Payment,1200.00,Online
U0139,Pradeep Menon,Male,35,8374659235,Indore,Savings,18250.20,15/08-2016,T000139,10-05-2017,Transfer,4000.00,Online
U0140,Megha Sharma,Female,26,9182736483,Bhopal,Current,11500.50,10-01-2019,T000140,05/09-2019,Deposit,1500.00,Branch
U0141,Rahul Menon,Male,34,5647382945,Mumbai,Saving,14000.50,15/02-2017,T000141,20/06-2018,Deposit,2500.00,Branch
U0142,Anjali Sharma,Female,,1029384791,Delhi,Current,21000.75,12/07-2019,T000142,15-03-2020,Withdrawal,1800.00,ATM
U0143,Siddharth Iyer,Male,Thirty,8374659236,Bengaluru,Savings,9000.00,18-09-2016,T000143,10/04-2017,Deposit,1200.00,Online
U0144,Pooja Menon,Female,27,9182736484,Hyderabad,Current,11500.20,05/12-2018,T000144,12-08-2019,Transfer,3000.00,Branch
U0145,Ramesh Sharma,Male,38,5647382946,Ahmedabad,Savings,-13250.50,22/06-2017,T000145,18-02-2018,Deposit,800.00,Online
U0146,Kavita Iyer,Female,29,1029384792,Chennai,Current,19500.40,25/03-2019,T000146,15/01-2020,Withdrawal,1500.00,ATM
U0147,Manish Menon,Male,41,8374659237,Kolkata,Savings,16000.00,10/11-2015,T000147,18-06-2016,Deposit,2000.00,Branch
U0148,Neha Sharma,Female,30,9182736485,Pune,Current,22000.75,14/02-2020,T000148,05-12-2020,Online Payment,2500.00,Online
U0149,Vikram Iyer,Male,36,5647382947,Jaipur,Savings,8900.80,12/07-2016,T000149,18-03-2017,Transfer,3200.00,Online
U0150,Sanya Menon,Female,27,1029384793,Lucknow,Current,24000.50,23/01-2018,T000150,10-12-2018,Online Payment,1500.00,Online
U0151,Arjun Sharma,Male,29,8374659238,Ahmedabad,Savings,15200.00,12/09-2017,T000151,18-04-2018,Deposit,2000.00,Branch
U0152,Meera Iyer,Female,27,9182736486,Chennai,Current,11000.75,10/06-2019,T000152,05-01-2020,Withdrawal,900.00,ATM
U0153,Sachin Menon,Male,38,5647382948,Kolkata,Savings,8600.00,03/12-2016,T000153,22-08-2017,Deposit,1200.00,Online
U0154,Rekha Sharma,Female,32,1029384794,Pune,Current,19500.20,25/03-2018,T000154,14-02-2019,Transfer,4500.00,Branch
U0155,Rajesh Iyer,Male,36,8374659239,Jaipur,Savings,13250.50,19/07-2017,T000155,30-01-2018,Deposit,600.00,Online
U0156,Sonal Menon,Female,30,9182736487,Lucknow,Current,25000.40,11-11-2019,T000156,18-06-2020,Withdrawal,1800.00,ATM
U0157,Deepak Sharma,Male,40,5647382949,Surat,Savings,14200.00,10/05-2015,T000157,15-02-2016,Deposit,3000.00,Branch
U0158,Anita Iyer,Female,28,1029384795,Nagpur,Current,9500.75,21/04-2020,T000158,12-12-2020,Online Payment,1200.00,Online
U0159,Pradeep Menon,Male,35,8374659240,Indore,Savings,18250.20,15/08-2016,T000159,10-05-2017,Transfer,4000.00,Online
U0160,Megha Sharma,Female,26,9182736488,Bhopal,Current,11500.50,10-01-2019,T000160,05/09-2019,Deposit,1500.00,Branch
U0161,Rahul Menon,Male,34,5647382950,Mumbai,Saving,14000.50,15/02-2017,T000161,20/06-2018,Deposit,2500.00,Branch
U0162,Anjali Sharma,Female,,1029384796,Delhi,Current,21000.75,12/07-2019,T000162,15-03-2020,Withdrawal,1800.00,ATM
U0163,Siddharth Iyer,Male,Thirty,8374659241,Bengaluru,Savings,9000.00,18-09-2016,T000163,10/04-2017,Deposit,1200.00,Online
U0164,Pooja Menon,Female,27,9182736489,Hyderabad,Current,11500.20,05/12-2018,T000164,12-08-2019,Transfer,3000.00,Branch
U0165,Ramesh Sharma,Male,38,5647382951,Ahmedabad,Savings,-13250.50,22/06-2017,T000165,18-02-2018,Deposit,800.00,Online
U0166,Kavita Iyer,Female,29,1029384797,Chennai,Current,19500.40,25/03-2019,T000166,15/01-2020,Withdrawal,1500.00,ATM
U0167,Manish Menon,Male,41,8374659242,Kolkata,Savings,16000.00,10/11-2015,T000167,18-06-2016,Deposit,2000.00,Branch
U0168,Neha Sharma,Female,30,9182736490,Pune,Current,22000.75,14/02-2020,T000168,05-12-2020,Online Payment,2500.00,Online
U0169,Vikram Iyer,Male,36,5647382952,Jaipur,Savings,8900.80,12/07-2016,T000169,18-03-2017,Transfer,3200.00,Online
U0170,Sanya Menon,Female,27,1029384798,Lucknow,Current,24000.50,23/01-2018,T000170,10-12-2018,Online Payment,1500.00,Online
U0171,Arjun Sharma,Male,29,8374659243,Ahmedabad,Savings,15200.00,12/09-2017,T000171,18-04-2018,Deposit,2000.00,Branch
U0172,Meera Iyer,Female,27,9182736491,Chennai,Current,11000.75,10/06-2019,T000172,05-01-2020,Withdrawal,900.00,ATM
U0173,Sachin Menon,Male,38,5647382953,Kolkata,Savings,8600.00,03/12-2016,T000173,22-08-2017,Deposit,1200.00,Online
U0174,Rekha Sharma,Female,32,1029384799,Pune,Current,19500.20,25/03-2018,T000174,14-02-2019,Transfer,4500.00,Branch
U0175,Rajesh Iyer,Male,36,8374659244,Jaipur,Savings,13250.50,19/07-2017,T000175,30-01-2018,Deposit,600.00,Online
U0176,Sonal Menon,Female,30,9182736492,Lucknow,Current,25000.40,11-11-2019,T000176,18-06-2020,Withdrawal,1800.00,ATM
U0177,Deepak Sharma,Male,40,5647382954,Surat,Savings,14200.00,10/05-2015,T000177,15-02-2016,Deposit,3000.00,Branch
U0178,Anita Iyer,Female,28,1029384800,Nagpur,Current,9500.75,21/04-2020,T000178,12-12-2020,Online Payment,1200.00,Online
U0179,Pradeep Menon,Male,35,8374659245,Indore,Savings,18250.20,15/08-2016,T000179,10-05-2017,Transfer,4000.00,Online
U0180,Megha Sharma,Female,26,9182736493,Bhopal,Current,11500.50,10-01-2019,T000180,05/09-2019,Deposit,1500.00,Branch
U0181,Rahul Menon,Male,34,5647382955,Mumbai,Saving,14000.50,15/02-2017,T000181,20/06-2018,Deposit,2500.00,Branch
U0182,Anjali Sharma,Female,,1029384801,Delhi,Current,21000.75,12/07-2019,T000182,15-03-2020,Withdrawal,1800.00,ATM
U0183,Siddharth Iyer,Male,Thirty,8374659246,Bengaluru,Savings,9000.00,18-09-2016,T000183,10/04-2017,Deposit,1200.00,Online
U0184,Pooja Menon,Female,27,9182736494,Hyderabad,Current,11500.20,05/12-2018,T000184,12-08-2019,Transfer,3000.00,Branch
U0185,Ramesh Sharma,Male,38,5647382956,Ahmedabad,Savings,-13250.50,22/06-2017,T000185,18-02-2018,Deposit,800.00,Online
U0186,Kavita Iyer,Female,29,1029384802,Chennai,Current,19500.40,25/03-2019,T000186,15-01-2020,Withdrawal,1500.00,ATM
U0187,Manish Menon,Male,41,8374659247,Kolkata,Savings,16000.00,10/11-2015,T000187,18-06-2016,Deposit,2000.00,Branch
U0188,Neha Sharma,Female,30,9182736495,Pune,Current,22000.75,14/02-2020,T000188,05-12-2020,Online Payment,2500.00,Online
U0189,Vikram Iyer,Male,36,5647382957,Jaipur,Savings,8900.80,12/07-2016,T000189,18-03-2017,Transfer,3200.00,Online
U0190,Sanya Menon,Female,27,1029384803,Lucknow,Current,24000.50,23/01-2018,T000190,10-12-2018,Online Payment,1500.00,Online
U0191,Arjun Sharma,Male,29,8374659248,Ahmedabad,Savings,15200.00,12/09-2017,T000191,18-04-2018,Deposit,2000.00,Branch
U0192,Meera Iyer,Female,27,9182736496,Chennai,Current,11000.75,10/06-2019,T000192,05-01-2020,Withdrawal,900.00,ATM
U0193,Sachin Menon,Male,38,5647382958,Kolkata,Savings,8600.00,03/12-2016,T000193,22-08-2017,Deposit,1200.00,Online
U0194,Rekha Sharma,Female,32,1029384804,Pune,Current,19500.20,25/03-2018,T000194,14-02-2019,Transfer,4500.00,Branch
U0195,Rajesh Iyer,Male,36,8374659249,Jaipur,Savings,13250.50,19/07-2017,T000195,30-01-2018,Deposit,600.00,Online
U0196,Sonal Menon,Female,30,9182736497,Lucknow,Current,25000.40,11-11-2019,T000196,18-06-2020,Withdrawal,1800.00,ATM
U0197,Deepak Sharma,Male,40,5647382959,Surat,Savings,14200.00,10/05-2015,T000197,15-02-2016,Deposit,3000.00,Branch
U0198,Anita Iyer,Female,28,1029384805,Nagpur,Current,9500.75,21/04-2020,T000198,12-12-2020,Online Payment,1200.00,Online
U0199,Pradeep Menon,Male,35,8374659250,Indore,Savings,18250.20,15/08-2016,T000199,10-05-2017,Transfer,4000.00,Online
U0200,Megha Sharma,Female,26,9182736498,Bhopal,Current,11500.50,10-01-2019,T000200,05/09-2019,Deposit,1500.00,Branch
U0201,Rahul Menon,Male,34,5647382960,Mombai,Saving,14000.50,15/02/2017,T000201,20/06-2018,Deposit,2500.00,Branch
U0202,Anjali Sharma,Female,,1029384806,Delhii,Current,21000.75,12/07-2019,T000202,15-03-2020,Withdrawal,1800.00,ATM
U0203,Siddharth Iyer,Male,Thirty,8374659251,Bengalooru,Savings,9000.00,18-09-2016,T000203,10/04-2017,Deposit,1200.00,Online
U0204,Pooja Menon,Female,27,9182736499,Hydrabad,Current,,05/12-2018,T000204,12-08-2019,Transfer,3000.00,Branch
U0205,Ramesh Sharma,Male,38,5647382961,Ahmedabad,Savings,-13250.50,22/06-2017,T000205,18-02-2018,Deposit,800.00,Online
U0206,Kavita Iyer,Female,29,1029384807,Chenai,Current,19500.40,25/03-2019,T000206,15/01-2020,Withdrawal,1500.00,ATM
U0207,Manish Menon,Male,41,8374659252,Kolkta,Savings,16000.00,10/11-2015,T000207,18-06-2016,Deposit,2000.00,Branch
U0208,Neha Sharma,Female,30,9182736500,Poon,Current,22000.75,14/02-2020,T000208,05-12-2020,Online Payment,2500.00,Online
U0209,Vikram Iyer,Male,36,5647382962,Jaipurr,Savings,8900.80,12/07-2016,T000209,18-03-2017,Transfer,3200.00,Online
U0210,Sanya Menon,Female,27,1029384808,Lucknoww,Current,24000.50,23/01-2018,T000210,10-12-2018,Online Payment,1500.00,Online
U0211,Arjun Sharma,Male,29,8374659253,,Savings,15200.00,12/09-2017,T000211,18-04-2018,Deposit,2000.00,Branch
U0212,Meera Iyer,Female,27,9182736501,Chennai,Current,11000.75,10/06-2019,T000212,05-01-2020,Withdrawal,,ATM
U0213,Sachin Menon,Male,38,5647382963,Kolkata,Savings,8600.00,03/12-2016,T000213,22-08-2017,Deposit,1200.00,Onlne
U0214,Rekha Sharma,Female,32,1029384809,Pune,Current,19500.20,25/03-2018,T000214,14-02-2019,Transfer,4500.00,Brnach
U0215,Rajesh Iyer,Male,36,8374659254,Jaipur,Savings,13250.50,19/07-2017,T000215,30-01-2018,Deposit,600.00,Oline
U0216,Sonal Menon,Female,30,9182736502,Lucknow,Current,25000.40,11-11-2019,T000216,18-06-2020,Withdrawal,1800.00,ATM
U0217,Deepak Sharma,Male,40,5647382964,Surat,Savings,14200.00,10/05-2015,T000217,15-02-2016,Deposit,3000.00,Branch
U0218,Anita Iyer,Female,28,1029384810,Nagpur,Current,9500.75,21/04-2020,T000218,12-12-2020,Online Payment,1200.00,Online
U0219,Pradeep Menon,Male,35,8374659255,Indore,Savings,18250.20,15/08-2016,T000219,10-05-2017,Transfer,4000.00,Online
U0220,Megha Sharma,Female,26,9182736503,Bhopal,Current,11500.50,10-01-2019,T000220,05/09-2019,Deposit,1500.00,Branch
U0221,Rahul Menon,Male,34,5647382965,Mumbai,Saving,14000.50,15/02-2017,T000221,20/06-2018,Deposit,2500.00,Branch
U0222,Anjali Sharma,Female,,1029384811,Delhi,Current,21000.75,12/07-2019,T000222,15-03-2020,Withdrawal,1800.00,ATM
U0223,Siddharth Iyer,Male,Thirty,8374659256,Bengaluru,Savings,9000.00,18-09-2016,T000223,10/04-2017,Deposit,1200.00,Online
U0224,Pooja Menon,Female,27,9182736504,Hyderabad,Current,11500.20,05/12-2018,T000224,12-08-2019,Transfer,3000.00,Branch
U0225,Ramesh Sharma,Male,38,5647382966,Ahmedabad,Savings,-13250.50,22/06-2017,T000225,18-02-2018,Deposit,800.00,Online
U0226,Kavita Iyer,Female,29,1029384812,Chennai,Current,19500.40,25/03-2019,T000226,15-01-2020,Withdrawal,1500.00,ATM
U0227,Manish Menon,Male,41,8374659257,Kolkata,Savings,16000.00,10/11-2015,T000227,18-06-2016,Deposit,2000.00,Branch
U0228,Neha Sharma,Female,30,9182736505,Pune,Current,22000.75,14/02-2020,T000228,05-12-2020,Online Payment,2500.00,Online
U0229,Vikram Iyer,Male,36,5647382967,Jaipur,Savings,8900.80,12/07-2016,T000229,18-03-2017,Transfer,3200.00,Online
U0230,Sanya Menon,Female,27,1029384813,Lucknow,Current,24000.50,23/01-2018,T000230,10-12-2018,Online Payment,1500.00,Online
U0231,Arjun Sharma,Male,29,8374659258,Ahmedabad,Savings,15200.00,12/09-2017,T000231,18-04-2018,Deposit,2000.00,Branch
U0232,Meera Iyer,Female,27,9182736506,Chennai,Current,11000.75,10/06-2019,T000232,05-01-2020,Withdrawal,900.00,ATM
U0233,Sachin Menon,Male,38,5647382968,Kolkata,Savings,8600.00,03/12-2016,T000233,22-08-2017,Deposit,1200.00,Online
U0234,Rekha Sharma,Female,32,1029384814,Pune,Current,19500.20,25/03-2018,T000234,14-02-2019,Transfer,4500.00,Branch
U0235,Rajesh Iyer,Male,36,8374659259,Jaipur,Savings,13250.50,19/07-2017,T000235,30-01-2018,Deposit,600.00,Online
U0236,Sonal Menon,Female,30,9182736507,Lucknow,Current,25000.40,11-11-2019,T000236,18-06-2020,Withdrawal,1800.00,ATM
U0237,Deepak Sharma,Male,40,5647382969,Surat,Savings,14200.00,10/05-2015,T000237,15-02-2016,Deposit,3000.00,Branch
U0238,Anita Iyer,Female,28,1029384815,Nagpur,Current,9500.75,21/04-2020,T000238,12-12-2020,Online Payment,1200.00,Online
U0239,Pradeep Menon,Male,35,8374659260,Indore,Savings,18250.20,15/08-2016,T000239,10-05-2017,Transfer,4000.00,Online
U0240,Megha Sharma,Female,26,9182736508,Bhopal,Current,11500.50,10-01-2019,T000240,05/09-2019,Deposit,1500.00,Branch
U0241,Rahul Menon,Male,34,5647382970,Mumbai,Saving,14000.50,15/02-2017,T000241,20/06-2018,Deposit,2500.00,Branch
U0242,Anjali Sharma,Female,,1029384816,Delhi,Current,21000.75,12/07-2019,T000242,15-03-2020,Withdrawal,1800.00,ATM
U0243,Siddharth Iyer,Male,Thirty,8374659261,Bengaluru,Savings,9000.00,18-09-2016,T000243,10/04-2017,Deposit,1200.00,Online
U0244,Pooja Menon,Female,27,9182736509,Hyderabad,Current,11500.20,05/12-2018,T000244,12-08-2019,Transfer,3000.00,Branch
U0245,Ramesh Sharma,Male,38,5647382971,Ahmedabad,Savings,-13250.50,22/06-2017,T000245,18-02-2018,Deposit,800.00,Online
U0246,Kavita Iyer,Female,29,1029384817,Chennai,Current,19500.40,25/03-2019,T000246,15-01-2020,Withdrawal,1500.00,ATM
U0247,Manish Menon,Male,41,8374659262,Kolkata,Savings,16000.00,10/11-2015,T000247,18-06-2016,Deposit,2000.00,Branch
U0248,Neha Sharma,Female,30,9182736510,Pune,Current,22000.75,14/02-2020,T000248,05-12-2020,Online Payment,2500.00,Online
U0249,Vikram Iyer,Male,36,5647382972,Jaipur,Savings,8900.80,12/07-2016,T000249,18-03-2017,Transfer,3200.00,Online
U0250,Sanya Menon,Female,27,1029384818,Lucknow,Current,24000.50,23/01-2018,T000250,10-12-2018,Online Payment,1500.00,Online
U0251,,Male,34,5647382973,Mumbai,Saving,14000.50,15/02/2017,T000251,20/06-2018,Deposit,2500.00,Branch
U0252,Anjali @Sharma,Femle,,1029384819,Delhi,Current,21000.75,12/07-2019,T000252,15-03-2020,Withdrawl,1800.00,ATM
U0253,Siddharth Iyer,Mle,Thirty,8374659263,Bengaluruu,Savings,9000.00,18-09-2016,T000253,10/04-2017,Depost,1200.00,Online
U0254,Pooja Menon,Female,27,9182736511,,Current,,05/12-2018,T000254,12-08-2019,Transferr,3000.00,Branch
U0255,Ramesh 123,Male,38,5647382974,Ahmedabad,Savings,-13250.50,22/06-2017,T000255,18-02-2018,Deposit,800.00,Online
U0256,Kavita Iyer,Femal,29,1029384819,Chenai,Curent,19500.40,25/03-2019,T000256,15/01-2020,Withdraw,1500.00,ATM
U0257,Manish Menon,Male,,8374659264,Kolkta,Saving,16000.00,10/11-2015,T000257,18-06-2016,Depsoit,2000.00,Branch
U0258,Neha Sharma,Female,30,9182736512,Poon,Current,22000.75,14/02-2020,T000258,05-12-2020,Online Payment,2500.00,Onlin
U0259,Vikram Iyer,Mle,36,5647382975,Jaipurr,Savings,8900.80,12/07-2016,T000259,18-03-2017,Trnasfer,3200.00,Online
U0260,Sanya Menon,Female,,1029384820,Lucknoww,Current,24000.50,23/01-2018,T000260,10-12-2018,Online Payment,,Online
U0261,Arjun Sharma,123,29,8374659265,Ahmedabad,Savings,15200.00,12/09-2017,T000261,18-04-2018,Deposit,2000.00,Branch
U0262,Meera Iyer,Femle,27,9182736513,Chennai,Current,11000.75,10/06-2019,T000262,05-01-2020,Withdrwal,900.00,ATM
U0263,Sachin Menon,Male,38,5647382976,Kolkata,Savings,8600.00,03/12-2016,T000263,22-08-2017,Depost,1200.00,Online
U0264,Rekha Sharma,Female,32,1029384821,Pune,Curent,19500.20,25/03-2018,T000264,14-02-2019,Transfer,4500.00,Brnach
U0265,Rajesh Iyer,Male,36,8374659266,Jaipur,Savings,13250.50,19/07-2017,T000265,30-01-2018,Depost,600.00,Oline
U0266,Sonal Menon,Female,30,9182736514,Lucknow,Current,25000.40,11-11-2019,T000266,18-06-2020,Withdrawl,1800.00,ATM
U0267,Deepak Sharma,Male,40,5647382977,Surat,Savings,14200.00,10/05-2015,T000267,15-02-2016,Depsoit,3000.00,Branch
U0268,Anita Iyer,Female,28,1029384822,Nagpur,Current,9500.75,21/04-2020,T000268,12-12-2020,Online Payment,1200.00,Online
U0269,Pradeep Menon,Male,35,8374659267,Indore,Savings,18250.20,15/08-2016,T000269,10-05-2017,Transfer,4000.00,Online
U0270,Megha Sharma,Female,26,9182736515,Bhopal,Current,11500.50,10-01-2019,T000270,05/09-2019,Deposit,1500.00,Branch
U0271,Rahul Menon,Mle,34,5647382978,Mumbai,Saving,14000.50,15/02/2017,T000271,20/06-2018,Deposit,2500.00,Branch
U0272,Anjali Sharma,,Famele,,1029384823,Delhii,Current,21000.75,12/07-2019,T000272,15-03-2020,Withdrawal,1800.00,ATM
U0273,Siddharth Iyer,Male,Thirty,8374659268,Bengaluru,Savings,9000.00,18-09-2016,T000273,10/04-2017,Depost,1200.00,Online
U0274,Pooja Menon,Femle,27,9182736516,Hyderbad,Curent,11500.20,05/12-2018,T000274,12-08-2019,Transferr,3000.00,Branch
U0275,Ramesh Sharma,Male,38,5647382979,Ahmedabad,Savings,-13250.50,22/06-2017,T000275,18-02-2018,Deposit,800.00,Online
U0276,Kavita Iyer,Femle,29,1029384824,Chennai,Current,19500.40,25/03-2019,T000276,15-01-2020,Withdrawl,1500.00,ATM
U0277,Manish Menon,Male,41,8374659269,Kolkta,Savings,16000.00,10/11-2015,T000277,18-06-2016,Depsoit,2000.00,Branch
U0278,Neha Sharma,Female,30,9182736517,Pune,Current,22000.75,14/02-2020,T000278,05-12-2020,Online Payment,2500.00,Online
U0279,Vikram Iyer,Male,36,5647382980,Jaipur,Savings,8900.80,12/07-2016,T000279,18-03-2017,Trnasfer,3200.00,Online
U0280,Sanya Menon,Female,27,1029384825,Lucknow,Current,24000.50,23/01-2018,T000280,10-12-2018,Online Payment,1500.00,Online
U0281,Arjun Sharma,Male,29,8374659270,Ahmedabad,Savings,15200.00,12/09-2017,T000281,18-04-2018,Deposit,2000.00,Branch
U0282,Meera Iyer,Female,27,9182736518,Chennai,Current,11000.75,10/06-2019,T000282,05-01-2020,Withdrawl,900.00,ATM
U0283,Sachin Menon,Male,38,5647382981,Kolkata,Savings,8600.00,03/12-2016,T000283,22-08-2017,Depost,1200.00,Online
U0284,Rekha Sharma,Female,32,1029384826,Pune,Curent,19500.20,25/03-2018,T000284,14-02-2019,Transfer,4500.00,Brnach
U0285,Rajesh Iyer,Male,36,8374659271,Jaipur,Savings,13250.50,19/07-2017,T000285,30-01-2018,Depost,600.00,Oline
U0286,Sonal Menon,Female,30,9182736519,Lucknow,Current,25000.40,11-11-2019,T000286,18-06-2020,Withdrawl,1800.00,ATM
U0287,Deepak Sharma,Male,40,5647382982,Surat,Savings,14200.00,10/05-2015,T000287,15-02-2016,Depsoit,3000.00,Branch
U0288,Anita Iyer,Female,28,1029384827,Nagpur,Current,9500.75,21/04-2020,T000288,12-12-2020,Online Payment,1200.00,Online
U0289,Pradeep Menon,Male,35,8374659272,Indore,Savings,18250.20,15/08-2016,T000289,10-05-2017,Transfer,4000.00,Online
U0290,Megha Sharma,Female,26,9182736520,Bhopal,Current,11500.50,10-01-2019,T000290,05/09-2019,Deposit,1500.00,Branch
U0291,Rahul Menon,Male,34,5647382983,Mumbai,Saving,14000.50,15/02/2017,T000291,20/06-2018,Deposit,2500.00,Branch
U0292,Anjali Sharma,Female,,1029384828,Delhi,Current,21000.75,12/07-2019,T000292,15-03-2020,Withdrawal,1800.00,ATM
U0293,Siddharth Iyer,Male,Thirty,8374659273,Bengaluru,Savings,9000.00,18-09-2016,T000293,10/04-2017,Depost,1200.00,Online
U0294,Pooja Menon,Femle,27,9182736521,Hyderbad,Curent,11500.20,05/12-2018,T000294,12-08-2019,Transferr,3000.00,Branch
U0295,Ramesh Sharma,Male,38,5647382984,Ahmedabad,Savings,-13250.50,22/06-2017,T000295,18-02-2018,Deposit,800.00,Online
U0296,Kavita Iyer,Femle,29,1029384829,Chennai,Current,19500.40,25/03-2019,T000296,15-01-2020,Withdrawl,1500.00,ATM
U0297,Manish Menon,Male,41,8374659274,Kolkta,Savings,16000.00,10/11-2015,T000297,18-06-2016,Depsoit,2000.00,Branch
U0298,Neha Sharma,Female,30,9182736522,Pune,Current,22000.75,14/02-2020,T000298,05-12-2020,Online Payment,2500.00,Online
U0299,Vikram Iyer,Male,36,5647382985,Jaipur,Savings,8900.80,12/07-2016,T000299,18-03-2017,Trnasfer,3200.00,Online
U0300,Sanya Menon,Female,27,1029384830,Lucknow,Current,24000.50,23/01-2018,T000300,10-12-2018,Online Payment,1500.00,Online
